attribute,stage,coordinate,n_values,min,max,SNSR,SNSV
age,Elicit,sim_item,3,0.9722222222222222,1.0,0.02777777777777779,0.013094570021973107
age,Retrieve,sim_item,3,0.890625,0.9743055555555555,0.08368055555555554,0.03417900698053679
age,Rank,sim_item,3,0.8701873958333333,0.956429375,0.08624197916666676,0.03520884931399942
age,Explain,sim_item,3,0.9010416666666666,0.953125,0.05208333333333337,0.023421419380611194
age,Memory,sim_item,3,0.9201388888888888,0.9722222222222222,0.05208333333333337,0.021278676285706302
sex,Elicit,sim_item,2,0.9444444444444445,1.0,0.05555555555555547,0.027777777777777735
sex,Retrieve,sim_item,2,0.8624999999999999,0.9170138888888889,0.05451388888888897,0.027256944444444486
sex,Rank,sim_item,2,0.86062265625,0.8737416145833333,0.01311895833333332,0.00655947916666666
sex,Explain,sim_item,2,0.890625,0.9444444444444445,0.05381944444444453,0.026909722222222265
sex,Memory,sim_item,2,0.8888888888888888,0.9583333333333334,0.06944444444444453,0.034722222222222265
age,Elicit,sim_pref,3,0.9618055555555555,1.0,0.03819444444444453,0.015614279587074157
age,Retrieve,sim_pref,3,0.890625,0.9743055555555555,0.08368055555555554,0.03417900698053679
age,Rank,sim_pref,3,0.8701873958333333,0.956429375,0.08624197916666676,0.035382963729286995
age,Explain,sim_pref,3,0.9322916666666666,0.953125,0.02083333333333337,0.009820927516479845
age,Memory,sim_pref,3,1.0,1.0,0.0,0.0
sex,Elicit,sim_pref,2,0.9791666666666666,1.0,0.02083333333333337,0.010416666666666685
sex,Retrieve,sim_pref,2,0.8624999999999999,0.9170138888888889,0.05451388888888897,0.027256944444444486
sex,Rank,sim_pref,2,0.86062265625,0.8737416145833333,0.01311895833333332,0.00655947916666666
sex,Explain,sim_pref,2,0.890625,1.0,0.109375,0.0546875
sex,Memory,sim_pref,2,1.0,1.0,0.0,0.0
