scenario_id,dataset,attribute,planted_stage,repeat,stage,natural,direct,inherited
mov_000,movies,sex,none,0,Elicit,0.0,0.0,0.0
mov_000,movies,sex,none,0,Retrieve,0.0,0.0,0.0
mov_000,movies,sex,none,0,Rank,0.0,0.0,0.0
mov_000,movies,sex,none,0,Explain,0.0,0.0,0.0
mov_000,movies,sex,none,0,Memory,0.0,0.0,0.0
mov_000,movies,sex,none,1,Elicit,0.0,0.0,0.0
mov_000,movies,sex,none,1,Retrieve,0.0,0.0,0.0
mov_000,movies,sex,none,1,Rank,0.0,0.0,0.0
mov_000,movies,sex,none,1,Explain,0.0,0.0,0.0
mov_000,movies,sex,none,1,Memory,0.0,0.0,0.0
mov_000,movies,sex,none,2,Elicit,0.0,0.0,0.0
mov_000,movies,sex,none,2,Retrieve,0.0,0.0,0.0
mov_000,movies,sex,none,2,Rank,0.0,0.0,0.0
mov_000,movies,sex,none,2,Explain,0.0,0.0,0.0
mov_000,movies,sex,none,2,Memory,0.0,0.0,0.0
mov_000,movies,sex,none,3,Elicit,0.0,0.0,0.0
mov_000,movies,sex,none,3,Retrieve,0.0,0.0,0.0
mov_000,movies,sex,none,3,Rank,0.0,0.0,0.0
mov_000,movies,sex,none,3,Explain,0.0,0.0,0.0
mov_000,movies,sex,none,3,Memory,0.0,0.0,0.0
mov_001,movies,sex,Elicit,0,Elicit,0.33333333333333337,0.33333333333333337,0.0
mov_001,movies,sex,Elicit,0,Retrieve,0.0,0.0,0.0
mov_001,movies,sex,Elicit,0,Rank,0.17199999999999993,0.0,0.17199999999999993
mov_001,movies,sex,Elicit,0,Explain,0.5,0.0,0.5
mov_001,movies,sex,Elicit,0,Memory,0.33333333333333337,0.0,0.33333333333333337
mov_001,movies,sex,Elicit,1,Elicit,0.33333333333333337,0.33333333333333337,0.0
mov_001,movies,sex,Elicit,1,Retrieve,0.8,0.0,0.8
mov_001,movies,sex,Elicit,1,Rank,0.778555,0.0,0.778555
mov_001,movies,sex,Elicit,1,Explain,0.5,0.0,0.5
mov_001,movies,sex,Elicit,1,Memory,0.33333333333333337,0.0,0.33333333333333337
mov_001,movies,sex,Elicit,2,Elicit,0.33333333333333337,0.33333333333333337,0.0
mov_001,movies,sex,Elicit,2,Retrieve,0.0,0.0,0.0
mov_001,movies,sex,Elicit,2,Rank,0.0,0.0,0.0
mov_001,movies,sex,Elicit,2,Explain,0.5,0.0,0.5
mov_001,movies,sex,Elicit,2,Memory,0.33333333333333337,0.0,0.33333333333333337
mov_001,movies,sex,Elicit,3,Elicit,0.33333333333333337,0.33333333333333337,0.0
mov_001,movies,sex,Elicit,3,Retrieve,0.0,0.0,0.0
mov_001,movies,sex,Elicit,3,Rank,0.321445,0.0,0.321445
mov_001,movies,sex,Elicit,3,Explain,0.5,0.0,0.5
mov_001,movies,sex,Elicit,3,Memory,0.33333333333333337,0.0,0.33333333333333337
mov_002,movies,sex,Retrieve,0,Elicit,0.0,0.0,0.0
mov_002,movies,sex,Retrieve,0,Retrieve,0.8333333333333334,0.8333333333333334,0.0
mov_002,movies,sex,Retrieve,0,Rank,0.778555,0.0,0.778555
mov_002,movies,sex,Retrieve,0,Explain,0.0,0.0,0.0
mov_002,movies,sex,Retrieve,0,Memory,0.0,0.0,0.0
mov_002,movies,sex,Retrieve,1,Elicit,0.0,0.0,0.0
mov_002,movies,sex,Retrieve,1,Retrieve,0.8333333333333334,0.8333333333333334,0.0
mov_002,movies,sex,Retrieve,1,Rank,0.823555,0.0,0.823555
mov_002,movies,sex,Retrieve,1,Explain,0.0,0.0,0.0
mov_002,movies,sex,Retrieve,1,Memory,0.0,0.0,0.0
mov_002,movies,sex,Retrieve,2,Elicit,0.0,0.0,0.0
mov_002,movies,sex,Retrieve,2,Retrieve,0.8333333333333334,0.8333333333333334,0.0
mov_002,movies,sex,Retrieve,2,Rank,0.719335,0.0,0.719335
mov_002,movies,sex,Retrieve,2,Explain,0.0,0.0,0.0
mov_002,movies,sex,Retrieve,2,Memory,0.0,0.0,0.0
mov_002,movies,sex,Retrieve,3,Elicit,0.0,0.0,0.0
mov_002,movies,sex,Retrieve,3,Retrieve,0.8333333333333334,0.8333333333333334,0.0
mov_002,movies,sex,Retrieve,3,Rank,0.823555,0.0,0.823555
mov_002,movies,sex,Retrieve,3,Explain,0.0,0.0,0.0
mov_002,movies,sex,Retrieve,3,Memory,0.0,0.0,0.0
mov_003,movies,sex,Rank,0,Elicit,0.0,0.0,0.0
mov_003,movies,sex,Rank,0,Retrieve,0.0,0.0,0.0
mov_003,movies,sex,Rank,0,Rank,0.19022499999999998,0.19022499999999998,0.0
mov_003,movies,sex,Rank,0,Explain,0.5,0.0,0.5
mov_003,movies,sex,Rank,0,Memory,0.0,0.0,0.0
mov_003,movies,sex,Rank,1,Elicit,0.0,0.0,0.0
mov_003,movies,sex,Rank,1,Retrieve,0.0,0.0,0.0
mov_003,movies,sex,Rank,1,Rank,0.0,0.0,0.0
mov_003,movies,sex,Rank,1,Explain,0.0,0.0,0.0
mov_003,movies,sex,Rank,1,Memory,0.0,0.0,0.0
mov_003,movies,sex,Rank,2,Elicit,0.0,0.0,0.0
mov_003,movies,sex,Rank,2,Retrieve,0.0,0.0,0.0
mov_003,movies,sex,Rank,2,Rank,0.0,0.0,0.0
mov_003,movies,sex,Rank,2,Explain,0.0,0.0,0.0
mov_003,movies,sex,Rank,2,Memory,0.0,0.0,0.0
mov_003,movies,sex,Rank,3,Elicit,0.0,0.0,0.0
mov_003,movies,sex,Rank,3,Retrieve,0.0,0.0,0.0
mov_003,movies,sex,Rank,3,Rank,0.17199999999999993,0.17199999999999993,0.0
mov_003,movies,sex,Rank,3,Explain,0.5,0.0,0.5
mov_003,movies,sex,Rank,3,Memory,0.0,0.0,0.0
mov_004,movies,sex,Explain,0,Elicit,0.0,0.0,0.0
mov_004,movies,sex,Explain,0,Retrieve,0.0,0.0,0.0
mov_004,movies,sex,Explain,0,Rank,0.0,0.0,0.0
mov_004,movies,sex,Explain,0,Explain,0.33333333333333337,0.33333333333333337,0.0
mov_004,movies,sex,Explain,0,Memory,0.25,0.0,0.25
mov_004,movies,sex,Explain,1,Elicit,0.0,0.0,0.0
mov_004,movies,sex,Explain,1,Retrieve,0.0,0.0,0.0
mov_004,movies,sex,Explain,1,Rank,0.0,0.0,0.0
mov_004,movies,sex,Explain,1,Explain,0.33333333333333337,0.33333333333333337,0.0
mov_004,movies,sex,Explain,1,Memory,0.25,0.0,0.25
mov_004,movies,sex,Explain,2,Elicit,0.0,0.0,0.0
mov_004,movies,sex,Explain,2,Retrieve,0.0,0.0,0.0
mov_004,movies,sex,Explain,2,Rank,0.0,0.0,0.0
mov_004,movies,sex,Explain,2,Explain,0.33333333333333337,0.33333333333333337,0.0
mov_004,movies,sex,Explain,2,Memory,0.25,0.0,0.25
mov_004,movies,sex,Explain,3,Elicit,0.0,0.0,0.0
mov_004,movies,sex,Explain,3,Retrieve,0.0,0.0,0.0
mov_004,movies,sex,Explain,3,Rank,0.0,0.0,0.0
mov_004,movies,sex,Explain,3,Explain,0.33333333333333337,0.33333333333333337,0.0
mov_004,movies,sex,Explain,3,Memory,0.25,0.0,0.25
mov_005,movies,sex,Memory,0,Elicit,0.0,0.0,0.0
mov_005,movies,sex,Memory,0,Retrieve,0.0,0.0,0.0
mov_005,movies,sex,Memory,0,Rank,0.0,0.0,0.0
mov_005,movies,sex,Memory,0,Explain,0.0,0.0,0.0
mov_005,movies,sex,Memory,0,Memory,0.33333333333333337,0.33333333333333337,0.0
mov_005,movies,sex,Memory,1,Elicit,0.0,0.0,0.0
mov_005,movies,sex,Memory,1,Retrieve,0.0,0.0,0.0
mov_005,movies,sex,Memory,1,Rank,0.0,0.0,0.0
mov_005,movies,sex,Memory,1,Explain,0.0,0.0,0.0
mov_005,movies,sex,Memory,1,Memory,0.33333333333333337,0.33333333333333337,0.0
mov_005,movies,sex,Memory,2,Elicit,0.0,0.0,0.0
mov_005,movies,sex,Memory,2,Retrieve,0.0,0.0,0.0
mov_005,movies,sex,Memory,2,Rank,0.0,0.0,0.0
mov_005,movies,sex,Memory,2,Explain,0.0,0.0,0.0
mov_005,movies,sex,Memory,2,Memory,0.33333333333333337,0.33333333333333337,0.0
mov_005,movies,sex,Memory,3,Elicit,0.0,0.0,0.0
mov_005,movies,sex,Memory,3,Retrieve,0.0,0.0,0.0
mov_005,movies,sex,Memory,3,Rank,0.0,0.0,0.0
mov_005,movies,sex,Memory,3,Explain,0.0,0.0,0.0
mov_005,movies,sex,Memory,3,Memory,0.33333333333333337,0.33333333333333337,0.0
mov_006,movies,age,none,0,Elicit,0.0,0.0,0.0
mov_006,movies,age,none,0,Retrieve,0.0,0.0,0.0
mov_006,movies,age,none,0,Rank,0.0,0.0,0.0
mov_006,movies,age,none,0,Explain,0.0,0.0,0.0
mov_006,movies,age,none,0,Memory,0.0,0.0,0.0
mov_006,movies,age,none,1,Elicit,0.0,0.0,0.0
mov_006,movies,age,none,1,Retrieve,0.0,0.0,0.0
mov_006,movies,age,none,1,Rank,0.0,0.0,0.0
mov_006,movies,age,none,1,Explain,0.0,0.0,0.0
mov_006,movies,age,none,1,Memory,0.0,0.0,0.0
mov_006,movies,age,none,2,Elicit,0.0,0.0,0.0
mov_006,movies,age,none,2,Retrieve,0.0,0.0,0.0
mov_006,movies,age,none,2,Rank,0.0,0.0,0.0
mov_006,movies,age,none,2,Explain,0.0,0.0,0.0
mov_006,movies,age,none,2,Memory,0.0,0.0,0.0
mov_006,movies,age,none,3,Elicit,0.0,0.0,0.0
mov_006,movies,age,none,3,Retrieve,0.0,0.0,0.0
mov_006,movies,age,none,3,Rank,0.0,0.0,0.0
mov_006,movies,age,none,3,Explain,0.0,0.0,0.0
mov_006,movies,age,none,3,Memory,0.0,0.0,0.0
mov_007,movies,age,Elicit,0,Elicit,0.33333333333333337,0.33333333333333337,0.0
mov_007,movies,age,Elicit,0,Retrieve,0.0,0.0,0.0
mov_007,movies,age,Elicit,0,Rank,0.321445,0.0,0.321445
mov_007,movies,age,Elicit,0,Explain,0.5,0.0,0.5
mov_007,movies,age,Elicit,0,Memory,0.33333333333333337,0.0,0.33333333333333337
mov_007,movies,age,Elicit,1,Elicit,0.33333333333333337,0.33333333333333337,0.0
mov_007,movies,age,Elicit,1,Retrieve,0.8,0.0,0.8
mov_007,movies,age,Elicit,1,Rank,1.0,0.0,1.0
mov_007,movies,age,Elicit,1,Explain,0.5,0.0,0.5
mov_007,movies,age,Elicit,1,Memory,0.33333333333333337,0.0,0.33333333333333337
mov_007,movies,age,Elicit,2,Elicit,0.33333333333333337,0.33333333333333337,0.0
mov_007,movies,age,Elicit,2,Retrieve,0.0,0.0,0.0
mov_007,movies,age,Elicit,2,Rank,0.321445,0.0,0.321445
mov_007,movies,age,Elicit,2,Explain,0.5,0.0,0.5
mov_007,movies,age,Elicit,2,Memory,0.33333333333333337,0.0,0.33333333333333337
mov_007,movies,age,Elicit,3,Elicit,0.33333333333333337,0.33333333333333337,0.0
mov_007,movies,age,Elicit,3,Retrieve,0.0,0.0,0.0
mov_007,movies,age,Elicit,3,Rank,0.321445,0.0,0.321445
mov_007,movies,age,Elicit,3,Explain,0.5,0.0,0.5
mov_007,movies,age,Elicit,3,Memory,0.33333333333333337,0.0,0.33333333333333337
mov_008,movies,age,Retrieve,0,Elicit,0.0,0.0,0.0
mov_008,movies,age,Retrieve,0,Retrieve,0.8,0.8,0.0
mov_008,movies,age,Retrieve,0,Rank,0.823555,0.0,0.823555
mov_008,movies,age,Retrieve,0,Explain,0.0,0.0,0.0
mov_008,movies,age,Retrieve,0,Memory,0.0,0.0,0.0
mov_008,movies,age,Retrieve,1,Elicit,0.0,0.0,0.0
mov_008,movies,age,Retrieve,1,Retrieve,0.8,0.8,0.0
mov_008,movies,age,Retrieve,1,Rank,0.823555,0.0,0.823555
mov_008,movies,age,Retrieve,1,Explain,0.0,0.0,0.0
mov_008,movies,age,Retrieve,1,Memory,0.0,0.0,0.0
mov_008,movies,age,Retrieve,2,Elicit,0.0,0.0,0.0
mov_008,movies,age,Retrieve,2,Retrieve,0.8,0.8,0.0
mov_008,movies,age,Retrieve,2,Rank,0.823555,0.0,0.823555
mov_008,movies,age,Retrieve,2,Explain,0.0,0.0,0.0
mov_008,movies,age,Retrieve,2,Memory,0.0,0.0,0.0
mov_008,movies,age,Retrieve,3,Elicit,0.0,0.0,0.0
mov_008,movies,age,Retrieve,3,Retrieve,0.8,0.8,0.0
mov_008,movies,age,Retrieve,3,Rank,0.823555,0.0,0.823555
mov_008,movies,age,Retrieve,3,Explain,0.0,0.0,0.0
mov_008,movies,age,Retrieve,3,Memory,0.0,0.0,0.0
mov_009,movies,age,Rank,0,Elicit,0.0,0.0,0.0
mov_009,movies,age,Rank,0,Retrieve,0.0,0.0,0.0
mov_009,movies,age,Rank,0,Rank,0.321445,0.321445,0.0
mov_009,movies,age,Rank,0,Explain,0.5,0.0,0.5
mov_009,movies,age,Rank,0,Memory,0.0,0.0,0.0
mov_009,movies,age,Rank,1,Elicit,0.0,0.0,0.0
mov_009,movies,age,Rank,1,Retrieve,0.0,0.0,0.0
mov_009,movies,age,Rank,1,Rank,0.321445,0.321445,0.0
mov_009,movies,age,Rank,1,Explain,0.5,0.0,0.5
mov_009,movies,age,Rank,1,Memory,0.0,0.0,0.0
mov_009,movies,age,Rank,2,Elicit,0.0,0.0,0.0
mov_009,movies,age,Rank,2,Retrieve,0.0,0.0,0.0
mov_009,movies,age,Rank,2,Rank,0.0,0.0,0.0
mov_009,movies,age,Rank,2,Explain,0.0,0.0,0.0
mov_009,movies,age,Rank,2,Memory,0.0,0.0,0.0
mov_009,movies,age,Rank,3,Elicit,0.0,0.0,0.0
mov_009,movies,age,Rank,3,Retrieve,0.0,0.0,0.0
mov_009,movies,age,Rank,3,Rank,0.0,0.0,0.0
mov_009,movies,age,Rank,3,Explain,0.0,0.0,0.0
mov_009,movies,age,Rank,3,Memory,0.0,0.0,0.0
mov_010,movies,age,Explain,0,Elicit,0.0,0.0,0.0
mov_010,movies,age,Explain,0,Retrieve,0.0,0.0,0.0
mov_010,movies,age,Explain,0,Rank,0.0,0.0,0.0
mov_010,movies,age,Explain,0,Explain,0.5,0.5,0.0
mov_010,movies,age,Explain,0,Memory,0.33333333333333337,0.0,0.33333333333333337
mov_010,movies,age,Explain,1,Elicit,0.0,0.0,0.0
mov_010,movies,age,Explain,1,Retrieve,0.0,0.0,0.0
mov_010,movies,age,Explain,1,Rank,0.0,0.0,0.0
mov_010,movies,age,Explain,1,Explain,0.5,0.5,0.0
mov_010,movies,age,Explain,1,Memory,0.33333333333333337,0.0,0.33333333333333337
mov_010,movies,age,Explain,2,Elicit,0.0,0.0,0.0
mov_010,movies,age,Explain,2,Retrieve,0.0,0.0,0.0
mov_010,movies,age,Explain,2,Rank,0.0,0.0,0.0
mov_010,movies,age,Explain,2,Explain,0.5,0.5,0.0
mov_010,movies,age,Explain,2,Memory,0.33333333333333337,0.0,0.33333333333333337
mov_010,movies,age,Explain,3,Elicit,0.0,0.0,0.0
mov_010,movies,age,Explain,3,Retrieve,0.0,0.0,0.0
mov_010,movies,age,Explain,3,Rank,0.0,0.0,0.0
mov_010,movies,age,Explain,3,Explain,0.0,0.0,0.0
mov_010,movies,age,Explain,3,Memory,0.0,0.0,0.0
mov_011,movies,age,Memory,0,Elicit,0.0,0.0,0.0
mov_011,movies,age,Memory,0,Retrieve,0.0,0.0,0.0
mov_011,movies,age,Memory,0,Rank,0.0,0.0,0.0
mov_011,movies,age,Memory,0,Explain,0.0,0.0,0.0
mov_011,movies,age,Memory,0,Memory,0.33333333333333337,0.33333333333333337,0.0
mov_011,movies,age,Memory,1,Elicit,0.0,0.0,0.0
mov_011,movies,age,Memory,1,Retrieve,0.0,0.0,0.0
mov_011,movies,age,Memory,1,Rank,0.0,0.0,0.0
mov_011,movies,age,Memory,1,Explain,0.0,0.0,0.0
mov_011,movies,age,Memory,1,Memory,0.33333333333333337,0.33333333333333337,0.0
mov_011,movies,age,Memory,2,Elicit,0.0,0.0,0.0
mov_011,movies,age,Memory,2,Retrieve,0.0,0.0,0.0
mov_011,movies,age,Memory,2,Rank,0.0,0.0,0.0
mov_011,movies,age,Memory,2,Explain,0.0,0.0,0.0
mov_011,movies,age,Memory,2,Memory,0.33333333333333337,0.33333333333333337,0.0
mov_011,movies,age,Memory,3,Elicit,0.0,0.0,0.0
mov_011,movies,age,Memory,3,Retrieve,0.0,0.0,0.0
mov_011,movies,age,Memory,3,Rank,0.0,0.0,0.0
mov_011,movies,age,Memory,3,Explain,0.0,0.0,0.0
mov_011,movies,age,Memory,3,Memory,0.33333333333333337,0.33333333333333337,0.0
mov_012,movies,sex,none,0,Elicit,0.0,0.0,0.0
mov_012,movies,sex,none,0,Retrieve,0.0,0.0,0.0
mov_012,movies,sex,none,0,Rank,0.0,0.0,0.0
mov_012,movies,sex,none,0,Explain,0.0,0.0,0.0
mov_012,movies,sex,none,0,Memory,0.0,0.0,0.0
mov_012,movies,sex,none,1,Elicit,0.0,0.0,0.0
mov_012,movies,sex,none,1,Retrieve,0.0,0.0,0.0
mov_012,movies,sex,none,1,Rank,0.0,0.0,0.0
mov_012,movies,sex,none,1,Explain,0.0,0.0,0.0
mov_012,movies,sex,none,1,Memory,0.0,0.0,0.0
mov_012,movies,sex,none,2,Elicit,0.0,0.0,0.0
mov_012,movies,sex,none,2,Retrieve,0.0,0.0,0.0
mov_012,movies,sex,none,2,Rank,0.0,0.0,0.0
mov_012,movies,sex,none,2,Explain,0.0,0.0,0.0
mov_012,movies,sex,none,2,Memory,0.0,0.0,0.0
mov_012,movies,sex,none,3,Elicit,0.0,0.0,0.0
mov_012,movies,sex,none,3,Retrieve,0.0,0.0,0.0
mov_012,movies,sex,none,3,Rank,0.0,0.0,0.0
mov_012,movies,sex,none,3,Explain,0.0,0.0,0.0
mov_012,movies,sex,none,3,Memory,0.0,0.0,0.0
mov_013,movies,sex,Elicit,0,Elicit,0.33333333333333337,0.33333333333333337,0.0
mov_013,movies,sex,Elicit,0,Retrieve,0.8333333333333334,0.0,0.8333333333333334
mov_013,movies,sex,Elicit,0,Rank,0.86878,0.0,0.86878
mov_013,movies,sex,Elicit,0,Explain,0.5,0.0,0.5
mov_013,movies,sex,Elicit,0,Memory,0.33333333333333337,0.0,0.33333333333333337
mov_013,movies,sex,Elicit,1,Elicit,0.33333333333333337,0.33333333333333337,0.0
mov_013,movies,sex,Elicit,1,Retrieve,0.8333333333333334,0.0,0.8333333333333334
mov_013,movies,sex,Elicit,1,Rank,0.823555,0.0,0.823555
mov_013,movies,sex,Elicit,1,Explain,0.5,0.0,0.5
mov_013,movies,sex,Elicit,1,Memory,0.33333333333333337,0.0,0.33333333333333337
mov_013,movies,sex,Elicit,2,Elicit,0.33333333333333337,0.33333333333333337,0.0
mov_013,movies,sex,Elicit,2,Retrieve,0.8333333333333334,0.0,0.8333333333333334
mov_013,movies,sex,Elicit,2,Rank,0.6923349999999999,0.0,0.6923349999999999
mov_013,movies,sex,Elicit,2,Explain,0.5,0.0,0.5
mov_013,movies,sex,Elicit,2,Memory,0.33333333333333337,0.0,0.33333333333333337
mov_013,movies,sex,Elicit,3,Elicit,0.33333333333333337,0.33333333333333337,0.0
mov_013,movies,sex,Elicit,3,Retrieve,0.8333333333333334,0.0,0.8333333333333334
mov_013,movies,sex,Elicit,3,Rank,0.823555,0.0,0.823555
mov_013,movies,sex,Elicit,3,Explain,0.5,0.0,0.5
mov_013,movies,sex,Elicit,3,Memory,0.33333333333333337,0.0,0.33333333333333337
mov_014,movies,sex,Retrieve,0,Elicit,0.0,0.0,0.0
mov_014,movies,sex,Retrieve,0,Retrieve,0.8333333333333334,0.8333333333333334,0.0
mov_014,movies,sex,Retrieve,0,Rank,0.850555,0.0,0.850555
mov_014,movies,sex,Retrieve,0,Explain,0.0,0.0,0.0
mov_014,movies,sex,Retrieve,0,Memory,0.0,0.0,0.0
mov_014,movies,sex,Retrieve,1,Elicit,0.0,0.0,0.0
mov_014,movies,sex,Retrieve,1,Retrieve,0.8333333333333334,0.8333333333333334,0.0
mov_014,movies,sex,Retrieve,1,Rank,1.0,0.0,1.0
mov_014,movies,sex,Retrieve,1,Explain,0.0,0.0,0.0
mov_014,movies,sex,Retrieve,1,Memory,0.0,0.0,0.0
mov_014,movies,sex,Retrieve,2,Elicit,0.0,0.0,0.0
mov_014,movies,sex,Retrieve,2,Retrieve,0.8333333333333334,0.8333333333333334,0.0
mov_014,movies,sex,Retrieve,2,Rank,0.678555,0.0,0.678555
mov_014,movies,sex,Retrieve,2,Explain,0.0,0.0,0.0
mov_014,movies,sex,Retrieve,2,Memory,0.0,0.0,0.0
mov_014,movies,sex,Retrieve,3,Elicit,0.0,0.0,0.0
mov_014,movies,sex,Retrieve,3,Retrieve,0.8333333333333334,0.8333333333333334,0.0
mov_014,movies,sex,Retrieve,3,Rank,0.86878,0.0,0.86878
mov_014,movies,sex,Retrieve,3,Explain,0.0,0.0,0.0
mov_014,movies,sex,Retrieve,3,Memory,0.0,0.0,0.0
mov_015,movies,sex,Rank,0,Elicit,0.0,0.0,0.0
mov_015,movies,sex,Rank,0,Retrieve,0.0,0.0,0.0
mov_015,movies,sex,Rank,0,Rank,0.17199999999999993,0.17199999999999993,0.0
mov_015,movies,sex,Rank,0,Explain,0.5,0.0,0.5
mov_015,movies,sex,Rank,0,Memory,0.0,0.0,0.0
mov_015,movies,sex,Rank,1,Elicit,0.0,0.0,0.0
mov_015,movies,sex,Rank,1,Retrieve,0.0,0.0,0.0
mov_015,movies,sex,Rank,1,Rank,0.321445,0.321445,0.0
mov_015,movies,sex,Rank,1,Explain,0.5,0.0,0.5
mov_015,movies,sex,Rank,1,Memory,0.0,0.0,0.0
mov_015,movies,sex,Rank,2,Elicit,0.0,0.0,0.0
mov_015,movies,sex,Rank,2,Retrieve,0.0,0.0,0.0
mov_015,movies,sex,Rank,2,Rank,0.19022499999999998,0.19022499999999998,0.0
mov_015,movies,sex,Rank,2,Explain,0.5,0.0,0.5
mov_015,movies,sex,Rank,2,Memory,0.0,0.0,0.0
mov_015,movies,sex,Rank,3,Elicit,0.0,0.0,0.0
mov_015,movies,sex,Rank,3,Retrieve,0.0,0.0,0.0
mov_015,movies,sex,Rank,3,Rank,0.0,0.0,0.0
mov_015,movies,sex,Rank,3,Explain,0.0,0.0,0.0
mov_015,movies,sex,Rank,3,Memory,0.0,0.0,0.0
mov_016,movies,sex,Explain,0,Elicit,0.0,0.0,0.0
mov_016,movies,sex,Explain,0,Retrieve,0.0,0.0,0.0
mov_016,movies,sex,Explain,0,Rank,0.0,0.0,0.0
mov_016,movies,sex,Explain,0,Explain,0.33333333333333337,0.33333333333333337,0.0
mov_016,movies,sex,Explain,0,Memory,0.25,0.0,0.25
mov_016,movies,sex,Explain,1,Elicit,0.0,0.0,0.0
mov_016,movies,sex,Explain,1,Retrieve,0.0,0.0,0.0
mov_016,movies,sex,Explain,1,Rank,0.0,0.0,0.0
mov_016,movies,sex,Explain,1,Explain,0.33333333333333337,0.33333333333333337,0.0
mov_016,movies,sex,Explain,1,Memory,0.25,0.0,0.25
mov_016,movies,sex,Explain,2,Elicit,0.0,0.0,0.0
mov_016,movies,sex,Explain,2,Retrieve,0.0,0.0,0.0
mov_016,movies,sex,Explain,2,Rank,0.0,0.0,0.0
mov_016,movies,sex,Explain,2,Explain,0.33333333333333337,0.33333333333333337,0.0
mov_016,movies,sex,Explain,2,Memory,0.25,0.0,0.25
mov_016,movies,sex,Explain,3,Elicit,0.0,0.0,0.0
mov_016,movies,sex,Explain,3,Retrieve,0.0,0.0,0.0
mov_016,movies,sex,Explain,3,Rank,0.0,0.0,0.0
mov_016,movies,sex,Explain,3,Explain,0.33333333333333337,0.33333333333333337,0.0
mov_016,movies,sex,Explain,3,Memory,0.25,0.0,0.25
mov_017,movies,sex,Memory,0,Elicit,0.0,0.0,0.0
mov_017,movies,sex,Memory,0,Retrieve,0.0,0.0,0.0
mov_017,movies,sex,Memory,0,Rank,0.0,0.0,0.0
mov_017,movies,sex,Memory,0,Explain,0.0,0.0,0.0
mov_017,movies,sex,Memory,0,Memory,0.33333333333333337,0.33333333333333337,0.0
mov_017,movies,sex,Memory,1,Elicit,0.0,0.0,0.0
mov_017,movies,sex,Memory,1,Retrieve,0.0,0.0,0.0
mov_017,movies,sex,Memory,1,Rank,0.0,0.0,0.0
mov_017,movies,sex,Memory,1,Explain,0.0,0.0,0.0
mov_017,movies,sex,Memory,1,Memory,0.33333333333333337,0.33333333333333337,0.0
mov_017,movies,sex,Memory,2,Elicit,0.0,0.0,0.0
mov_017,movies,sex,Memory,2,Retrieve,0.0,0.0,0.0
mov_017,movies,sex,Memory,2,Rank,0.0,0.0,0.0
mov_017,movies,sex,Memory,2,Explain,0.0,0.0,0.0
mov_017,movies,sex,Memory,2,Memory,0.33333333333333337,0.33333333333333337,0.0
mov_017,movies,sex,Memory,3,Elicit,0.0,0.0,0.0
mov_017,movies,sex,Memory,3,Retrieve,0.0,0.0,0.0
mov_017,movies,sex,Memory,3,Rank,0.0,0.0,0.0
mov_017,movies,sex,Memory,3,Explain,0.0,0.0,0.0
mov_017,movies,sex,Memory,3,Memory,0.33333333333333337,0.33333333333333337,0.0
mov_018,movies,age,none,0,Elicit,0.0,0.0,0.0
mov_018,movies,age,none,0,Retrieve,0.0,0.0,0.0
mov_018,movies,age,none,0,Rank,0.0,0.0,0.0
mov_018,movies,age,none,0,Explain,0.0,0.0,0.0
mov_018,movies,age,none,0,Memory,0.0,0.0,0.0
mov_018,movies,age,none,1,Elicit,0.0,0.0,0.0
mov_018,movies,age,none,1,Retrieve,0.0,0.0,0.0
mov_018,movies,age,none,1,Rank,0.0,0.0,0.0
mov_018,movies,age,none,1,Explain,0.0,0.0,0.0
mov_018,movies,age,none,1,Memory,0.0,0.0,0.0
mov_018,movies,age,none,2,Elicit,0.0,0.0,0.0
mov_018,movies,age,none,2,Retrieve,0.0,0.0,0.0
mov_018,movies,age,none,2,Rank,0.0,0.0,0.0
mov_018,movies,age,none,2,Explain,0.0,0.0,0.0
mov_018,movies,age,none,2,Memory,0.0,0.0,0.0
mov_018,movies,age,none,3,Elicit,0.0,0.0,0.0
mov_018,movies,age,none,3,Retrieve,0.0,0.0,0.0
mov_018,movies,age,none,3,Rank,0.0,0.0,0.0
mov_018,movies,age,none,3,Explain,0.0,0.0,0.0
mov_018,movies,age,none,3,Memory,0.0,0.0,0.0
mov_019,movies,age,Elicit,0,Elicit,0.33333333333333337,0.33333333333333337,0.0
mov_019,movies,age,Elicit,0,Retrieve,0.8333333333333334,0.0,0.8333333333333334
mov_019,movies,age,Elicit,0,Rank,0.850555,0.0,0.850555
mov_019,movies,age,Elicit,0,Explain,0.5,0.0,0.5
mov_019,movies,age,Elicit,0,Memory,0.33333333333333337,0.0,0.33333333333333337
mov_019,movies,age,Elicit,1,Elicit,0.33333333333333337,0.33333333333333337,0.0
mov_019,movies,age,Elicit,1,Retrieve,0.0,0.0,0.0
mov_019,movies,age,Elicit,1,Rank,0.14500000000000002,0.0,0.14500000000000002
mov_019,movies,age,Elicit,1,Explain,0.5,0.0,0.5
mov_019,movies,age,Elicit,1,Memory,0.33333333333333337,0.0,0.33333333333333337
mov_019,movies,age,Elicit,2,Elicit,0.33333333333333337,0.33333333333333337,0.0
mov_019,movies,age,Elicit,2,Retrieve,0.0,0.0,0.0
mov_019,movies,age,Elicit,2,Rank,0.04499999999999993,0.0,0.04499999999999993
mov_019,movies,age,Elicit,2,Explain,0.5,0.0,0.5
mov_019,movies,age,Elicit,2,Memory,0.33333333333333337,0.0,0.33333333333333337
mov_019,movies,age,Elicit,3,Elicit,0.33333333333333337,0.33333333333333337,0.0
mov_019,movies,age,Elicit,3,Retrieve,0.8333333333333334,0.0,0.8333333333333334
mov_019,movies,age,Elicit,3,Rank,0.850555,0.0,0.850555
mov_019,movies,age,Elicit,3,Explain,0.5,0.0,0.5
mov_019,movies,age,Elicit,3,Memory,0.33333333333333337,0.0,0.33333333333333337
mov_020,movies,age,Retrieve,0,Elicit,0.0,0.0,0.0
mov_020,movies,age,Retrieve,0,Retrieve,0.8,0.8,0.0
mov_020,movies,age,Retrieve,0,Rank,0.850555,0.0,0.850555
mov_020,movies,age,Retrieve,0,Explain,0.5,0.0,0.5
mov_020,movies,age,Retrieve,0,Memory,0.0,0.0,0.0
mov_020,movies,age,Retrieve,1,Elicit,0.0,0.0,0.0
mov_020,movies,age,Retrieve,1,Retrieve,0.8,0.8,0.0
mov_020,movies,age,Retrieve,1,Rank,1.0,0.0,1.0
mov_020,movies,age,Retrieve,1,Explain,0.5,0.0,0.5
mov_020,movies,age,Retrieve,1,Memory,0.0,0.0,0.0
mov_020,movies,age,Retrieve,2,Elicit,0.0,0.0,0.0
mov_020,movies,age,Retrieve,2,Retrieve,0.8,0.8,0.0
mov_020,movies,age,Retrieve,2,Rank,0.86878,0.0,0.86878
mov_020,movies,age,Retrieve,2,Explain,0.5,0.0,0.5
mov_020,movies,age,Retrieve,2,Memory,0.0,0.0,0.0
mov_020,movies,age,Retrieve,3,Elicit,0.0,0.0,0.0
mov_020,movies,age,Retrieve,3,Retrieve,0.8,0.8,0.0
mov_020,movies,age,Retrieve,3,Rank,0.86878,0.0,0.86878
mov_020,movies,age,Retrieve,3,Explain,0.5,0.0,0.5
mov_020,movies,age,Retrieve,3,Memory,0.0,0.0,0.0
mov_021,movies,age,Rank,0,Elicit,0.0,0.0,0.0
mov_021,movies,age,Rank,0,Retrieve,0.0,0.0,0.0
mov_021,movies,age,Rank,0,Rank,0.321445,0.321445,0.0
mov_021,movies,age,Rank,0,Explain,0.5,0.0,0.5
mov_021,movies,age,Rank,0,Memory,0.0,0.0,0.0
mov_021,movies,age,Rank,1,Elicit,0.0,0.0,0.0
mov_021,movies,age,Rank,1,Retrieve,0.0,0.0,0.0
mov_021,movies,age,Rank,1,Rank,0.0,0.0,0.0
mov_021,movies,age,Rank,1,Explain,0.0,0.0,0.0
mov_021,movies,age,Rank,1,Memory,0.0,0.0,0.0
mov_021,movies,age,Rank,2,Elicit,0.0,0.0,0.0
mov_021,movies,age,Rank,2,Retrieve,0.0,0.0,0.0
mov_021,movies,age,Rank,2,Rank,0.0,0.0,0.0
mov_021,movies,age,Rank,2,Explain,0.0,0.0,0.0
mov_021,movies,age,Rank,2,Memory,0.0,0.0,0.0
mov_021,movies,age,Rank,3,Elicit,0.0,0.0,0.0
mov_021,movies,age,Rank,3,Retrieve,0.0,0.0,0.0
mov_021,movies,age,Rank,3,Rank,0.09999999999999998,0.09999999999999998,0.0
mov_021,movies,age,Rank,3,Explain,0.5,0.0,0.5
mov_021,movies,age,Rank,3,Memory,0.0,0.0,0.0
mov_022,movies,age,Explain,0,Elicit,0.0,0.0,0.0
mov_022,movies,age,Explain,0,Retrieve,0.0,0.0,0.0
mov_022,movies,age,Explain,0,Rank,0.0,0.0,0.0
mov_022,movies,age,Explain,0,Explain,0.5,0.5,0.0
mov_022,movies,age,Explain,0,Memory,0.33333333333333337,0.0,0.33333333333333337
mov_022,movies,age,Explain,1,Elicit,0.0,0.0,0.0
mov_022,movies,age,Explain,1,Retrieve,0.0,0.0,0.0
mov_022,movies,age,Explain,1,Rank,0.0,0.0,0.0
mov_022,movies,age,Explain,1,Explain,0.5,0.5,0.0
mov_022,movies,age,Explain,1,Memory,0.33333333333333337,0.0,0.33333333333333337
mov_022,movies,age,Explain,2,Elicit,0.0,0.0,0.0
mov_022,movies,age,Explain,2,Retrieve,0.0,0.0,0.0
mov_022,movies,age,Explain,2,Rank,0.0,0.0,0.0
mov_022,movies,age,Explain,2,Explain,0.5,0.5,0.0
mov_022,movies,age,Explain,2,Memory,0.33333333333333337,0.0,0.33333333333333337
mov_022,movies,age,Explain,3,Elicit,0.0,0.0,0.0
mov_022,movies,age,Explain,3,Retrieve,0.0,0.0,0.0
mov_022,movies,age,Explain,3,Rank,0.0,0.0,0.0
mov_022,movies,age,Explain,3,Explain,0.5,0.5,0.0
mov_022,movies,age,Explain,3,Memory,0.33333333333333337,0.0,0.33333333333333337
mov_023,movies,age,Memory,0,Elicit,0.0,0.0,0.0
mov_023,movies,age,Memory,0,Retrieve,0.0,0.0,0.0
mov_023,movies,age,Memory,0,Rank,0.0,0.0,0.0
mov_023,movies,age,Memory,0,Explain,0.0,0.0,0.0
mov_023,movies,age,Memory,0,Memory,0.33333333333333337,0.33333333333333337,0.0
mov_023,movies,age,Memory,1,Elicit,0.0,0.0,0.0
mov_023,movies,age,Memory,1,Retrieve,0.0,0.0,0.0
mov_023,movies,age,Memory,1,Rank,0.0,0.0,0.0
mov_023,movies,age,Memory,1,Explain,0.0,0.0,0.0
mov_023,movies,age,Memory,1,Memory,0.33333333333333337,0.33333333333333337,0.0
mov_023,movies,age,Memory,2,Elicit,0.0,0.0,0.0
mov_023,movies,age,Memory,2,Retrieve,0.0,0.0,0.0
mov_023,movies,age,Memory,2,Rank,0.0,0.0,0.0
mov_023,movies,age,Memory,2,Explain,0.0,0.0,0.0
mov_023,movies,age,Memory,2,Memory,0.33333333333333337,0.33333333333333337,0.0
mov_023,movies,age,Memory,3,Elicit,0.0,0.0,0.0
mov_023,movies,age,Memory,3,Retrieve,0.0,0.0,0.0
mov_023,movies,age,Memory,3,Rank,0.0,0.0,0.0
mov_023,movies,age,Memory,3,Explain,0.0,0.0,0.0
mov_023,movies,age,Memory,3,Memory,0.33333333333333337,0.33333333333333337,0.0
res_000,restaurants,sex,none,0,Elicit,0.0,0.0,0.0
res_000,restaurants,sex,none,0,Retrieve,0.0,0.0,0.0
res_000,restaurants,sex,none,0,Rank,0.0,0.0,0.0
res_000,restaurants,sex,none,0,Explain,0.0,0.0,0.0
res_000,restaurants,sex,none,0,Memory,0.0,0.0,0.0
res_000,restaurants,sex,none,1,Elicit,0.0,0.0,0.0
res_000,restaurants,sex,none,1,Retrieve,0.0,0.0,0.0
res_000,restaurants,sex,none,1,Rank,0.0,0.0,0.0
res_000,restaurants,sex,none,1,Explain,0.0,0.0,0.0
res_000,restaurants,sex,none,1,Memory,0.0,0.0,0.0
res_000,restaurants,sex,none,2,Elicit,0.0,0.0,0.0
res_000,restaurants,sex,none,2,Retrieve,0.0,0.0,0.0
res_000,restaurants,sex,none,2,Rank,0.0,0.0,0.0
res_000,restaurants,sex,none,2,Explain,0.0,0.0,0.0
res_000,restaurants,sex,none,2,Memory,0.0,0.0,0.0
res_000,restaurants,sex,none,3,Elicit,0.0,0.0,0.0
res_000,restaurants,sex,none,3,Retrieve,0.0,0.0,0.0
res_000,restaurants,sex,none,3,Rank,0.0,0.0,0.0
res_000,restaurants,sex,none,3,Explain,0.0,0.0,0.0
res_000,restaurants,sex,none,3,Memory,0.0,0.0,0.0
res_001,restaurants,sex,Elicit,0,Elicit,0.33333333333333337,0.33333333333333337,0.0
res_001,restaurants,sex,Elicit,0,Retrieve,0.0,0.0,0.0
res_001,restaurants,sex,Elicit,0,Rank,0.54289,0.0,0.54289
res_001,restaurants,sex,Elicit,0,Explain,0.5,0.0,0.5
res_001,restaurants,sex,Elicit,0,Memory,0.33333333333333337,0.0,0.33333333333333337
res_001,restaurants,sex,Elicit,1,Elicit,0.33333333333333337,0.33333333333333337,0.0
res_001,restaurants,sex,Elicit,1,Retrieve,0.0,0.0,0.0
res_001,restaurants,sex,Elicit,1,Rank,0.3664449999999999,0.0,0.3664449999999999
res_001,restaurants,sex,Elicit,1,Explain,0.5,0.0,0.5
res_001,restaurants,sex,Elicit,1,Memory,0.33333333333333337,0.0,0.33333333333333337
res_001,restaurants,sex,Elicit,2,Elicit,0.33333333333333337,0.33333333333333337,0.0
res_001,restaurants,sex,Elicit,2,Retrieve,0.0,0.0,0.0
res_001,restaurants,sex,Elicit,2,Rank,0.41167,0.0,0.41167
res_001,restaurants,sex,Elicit,2,Explain,0.5,0.0,0.5
res_001,restaurants,sex,Elicit,2,Memory,0.33333333333333337,0.0,0.33333333333333337
res_001,restaurants,sex,Elicit,3,Elicit,0.33333333333333337,0.33333333333333337,0.0
res_001,restaurants,sex,Elicit,3,Retrieve,0.8333333333333334,0.0,0.8333333333333334
res_001,restaurants,sex,Elicit,3,Rank,0.86878,0.0,0.86878
res_001,restaurants,sex,Elicit,3,Explain,0.5,0.0,0.5
res_001,restaurants,sex,Elicit,3,Memory,0.33333333333333337,0.0,0.33333333333333337
res_002,restaurants,sex,Retrieve,0,Elicit,0.0,0.0,0.0
res_002,restaurants,sex,Retrieve,0,Retrieve,0.8333333333333334,0.8333333333333334,0.0
res_002,restaurants,sex,Retrieve,0,Rank,0.86878,0.0,0.86878
res_002,restaurants,sex,Retrieve,0,Explain,0.0,0.0,0.0
res_002,restaurants,sex,Retrieve,0,Memory,0.0,0.0,0.0
res_002,restaurants,sex,Retrieve,1,Elicit,0.0,0.0,0.0
res_002,restaurants,sex,Retrieve,1,Retrieve,0.8333333333333334,0.8333333333333334,0.0
res_002,restaurants,sex,Retrieve,1,Rank,0.823555,0.0,0.823555
res_002,restaurants,sex,Retrieve,1,Explain,0.0,0.0,0.0
res_002,restaurants,sex,Retrieve,1,Memory,0.0,0.0,0.0
res_002,restaurants,sex,Retrieve,2,Elicit,0.0,0.0,0.0
res_002,restaurants,sex,Retrieve,2,Retrieve,0.8333333333333334,0.8333333333333334,0.0
res_002,restaurants,sex,Retrieve,2,Rank,0.823555,0.0,0.823555
res_002,restaurants,sex,Retrieve,2,Explain,0.0,0.0,0.0
res_002,restaurants,sex,Retrieve,2,Memory,0.0,0.0,0.0
res_002,restaurants,sex,Retrieve,3,Elicit,0.0,0.0,0.0
res_002,restaurants,sex,Retrieve,3,Retrieve,0.8333333333333334,0.8333333333333334,0.0
res_002,restaurants,sex,Retrieve,3,Rank,1.0,0.0,1.0
res_002,restaurants,sex,Retrieve,3,Explain,0.0,0.0,0.0
res_002,restaurants,sex,Retrieve,3,Memory,0.0,0.0,0.0
res_003,restaurants,sex,Rank,0,Elicit,0.0,0.0,0.0
res_003,restaurants,sex,Rank,0,Retrieve,0.0,0.0,0.0
res_003,restaurants,sex,Rank,0,Rank,0.09999999999999998,0.09999999999999998,0.0
res_003,restaurants,sex,Rank,0,Explain,0.0,0.0,0.0
res_003,restaurants,sex,Rank,0,Memory,0.0,0.0,0.0
res_003,restaurants,sex,Rank,1,Elicit,0.0,0.0,0.0
res_003,restaurants,sex,Rank,1,Retrieve,0.0,0.0,0.0
res_003,restaurants,sex,Rank,1,Rank,0.09999999999999998,0.09999999999999998,0.0
res_003,restaurants,sex,Rank,1,Explain,0.0,0.0,0.0
res_003,restaurants,sex,Rank,1,Memory,0.0,0.0,0.0
res_003,restaurants,sex,Rank,2,Elicit,0.0,0.0,0.0
res_003,restaurants,sex,Rank,2,Retrieve,0.0,0.0,0.0
res_003,restaurants,sex,Rank,2,Rank,0.09999999999999998,0.09999999999999998,0.0
res_003,restaurants,sex,Rank,2,Explain,0.0,0.0,0.0
res_003,restaurants,sex,Rank,2,Memory,0.0,0.0,0.0
res_003,restaurants,sex,Rank,3,Elicit,0.0,0.0,0.0
res_003,restaurants,sex,Rank,3,Retrieve,0.0,0.0,0.0
res_003,restaurants,sex,Rank,3,Rank,0.09999999999999998,0.09999999999999998,0.0
res_003,restaurants,sex,Rank,3,Explain,0.0,0.0,0.0
res_003,restaurants,sex,Rank,3,Memory,0.0,0.0,0.0
res_004,restaurants,sex,Explain,0,Elicit,0.0,0.0,0.0
res_004,restaurants,sex,Explain,0,Retrieve,0.0,0.0,0.0
res_004,restaurants,sex,Explain,0,Rank,0.0,0.0,0.0
res_004,restaurants,sex,Explain,0,Explain,0.33333333333333337,0.33333333333333337,0.0
res_004,restaurants,sex,Explain,0,Memory,0.25,0.0,0.25
res_004,restaurants,sex,Explain,1,Elicit,0.0,0.0,0.0
res_004,restaurants,sex,Explain,1,Retrieve,0.0,0.0,0.0
res_004,restaurants,sex,Explain,1,Rank,0.0,0.0,0.0
res_004,restaurants,sex,Explain,1,Explain,0.33333333333333337,0.33333333333333337,0.0
res_004,restaurants,sex,Explain,1,Memory,0.25,0.0,0.25
res_004,restaurants,sex,Explain,2,Elicit,0.0,0.0,0.0
res_004,restaurants,sex,Explain,2,Retrieve,0.0,0.0,0.0
res_004,restaurants,sex,Explain,2,Rank,0.0,0.0,0.0
res_004,restaurants,sex,Explain,2,Explain,0.33333333333333337,0.33333333333333337,0.0
res_004,restaurants,sex,Explain,2,Memory,0.25,0.0,0.25
res_004,restaurants,sex,Explain,3,Elicit,0.0,0.0,0.0
res_004,restaurants,sex,Explain,3,Retrieve,0.0,0.0,0.0
res_004,restaurants,sex,Explain,3,Rank,0.0,0.0,0.0
res_004,restaurants,sex,Explain,3,Explain,0.33333333333333337,0.33333333333333337,0.0
res_004,restaurants,sex,Explain,3,Memory,0.25,0.0,0.25
res_005,restaurants,sex,Memory,0,Elicit,0.0,0.0,0.0
res_005,restaurants,sex,Memory,0,Retrieve,0.0,0.0,0.0
res_005,restaurants,sex,Memory,0,Rank,0.0,0.0,0.0
res_005,restaurants,sex,Memory,0,Explain,0.0,0.0,0.0
res_005,restaurants,sex,Memory,0,Memory,0.33333333333333337,0.33333333333333337,0.0
res_005,restaurants,sex,Memory,1,Elicit,0.0,0.0,0.0
res_005,restaurants,sex,Memory,1,Retrieve,0.0,0.0,0.0
res_005,restaurants,sex,Memory,1,Rank,0.0,0.0,0.0
res_005,restaurants,sex,Memory,1,Explain,0.0,0.0,0.0
res_005,restaurants,sex,Memory,1,Memory,0.33333333333333337,0.33333333333333337,0.0
res_005,restaurants,sex,Memory,2,Elicit,0.0,0.0,0.0
res_005,restaurants,sex,Memory,2,Retrieve,0.0,0.0,0.0
res_005,restaurants,sex,Memory,2,Rank,0.0,0.0,0.0
res_005,restaurants,sex,Memory,2,Explain,0.0,0.0,0.0
res_005,restaurants,sex,Memory,2,Memory,0.33333333333333337,0.33333333333333337,0.0
res_005,restaurants,sex,Memory,3,Elicit,0.0,0.0,0.0
res_005,restaurants,sex,Memory,3,Retrieve,0.0,0.0,0.0
res_005,restaurants,sex,Memory,3,Rank,0.0,0.0,0.0
res_005,restaurants,sex,Memory,3,Explain,0.0,0.0,0.0
res_005,restaurants,sex,Memory,3,Memory,0.33333333333333337,0.33333333333333337,0.0
res_006,restaurants,age,none,0,Elicit,0.0,0.0,0.0
res_006,restaurants,age,none,0,Retrieve,0.0,0.0,0.0
res_006,restaurants,age,none,0,Rank,0.0,0.0,0.0
res_006,restaurants,age,none,0,Explain,0.0,0.0,0.0
res_006,restaurants,age,none,0,Memory,0.0,0.0,0.0
res_006,restaurants,age,none,1,Elicit,0.0,0.0,0.0
res_006,restaurants,age,none,1,Retrieve,0.0,0.0,0.0
res_006,restaurants,age,none,1,Rank,0.0,0.0,0.0
res_006,restaurants,age,none,1,Explain,0.0,0.0,0.0
res_006,restaurants,age,none,1,Memory,0.0,0.0,0.0
res_006,restaurants,age,none,2,Elicit,0.0,0.0,0.0
res_006,restaurants,age,none,2,Retrieve,0.0,0.0,0.0
res_006,restaurants,age,none,2,Rank,0.0,0.0,0.0
res_006,restaurants,age,none,2,Explain,0.0,0.0,0.0
res_006,restaurants,age,none,2,Memory,0.0,0.0,0.0
res_006,restaurants,age,none,3,Elicit,0.0,0.0,0.0
res_006,restaurants,age,none,3,Retrieve,0.0,0.0,0.0
res_006,restaurants,age,none,3,Rank,0.0,0.0,0.0
res_006,restaurants,age,none,3,Explain,0.0,0.0,0.0
res_006,restaurants,age,none,3,Memory,0.0,0.0,0.0
res_007,restaurants,age,Elicit,0,Elicit,0.33333333333333337,0.33333333333333337,0.0
res_007,restaurants,age,Elicit,0,Retrieve,0.8333333333333334,0.0,0.8333333333333334
res_007,restaurants,age,Elicit,0,Rank,0.86878,0.0,0.86878
res_007,restaurants,age,Elicit,0,Explain,0.5,0.0,0.5
res_007,restaurants,age,Elicit,0,Memory,0.33333333333333337,0.0,0.33333333333333337
res_007,restaurants,age,Elicit,1,Elicit,0.33333333333333337,0.33333333333333337,0.0
res_007,restaurants,age,Elicit,1,Retrieve,0.0,0.0,0.0
res_007,restaurants,age,Elicit,1,Rank,0.54289,0.0,0.54289
res_007,restaurants,age,Elicit,1,Explain,0.5,0.0,0.5
res_007,restaurants,age,Elicit,1,Memory,0.33333333333333337,0.0,0.33333333333333337
res_007,restaurants,age,Elicit,2,Elicit,0.33333333333333337,0.33333333333333337,0.0
res_007,restaurants,age,Elicit,2,Retrieve,0.8333333333333334,0.0,0.8333333333333334
res_007,restaurants,age,Elicit,2,Rank,0.778555,0.0,0.778555
res_007,restaurants,age,Elicit,2,Explain,0.5,0.0,0.5
res_007,restaurants,age,Elicit,2,Memory,0.33333333333333337,0.0,0.33333333333333337
res_007,restaurants,age,Elicit,3,Elicit,0.33333333333333337,0.33333333333333337,0.0
res_007,restaurants,age,Elicit,3,Retrieve,0.8333333333333334,0.0,0.8333333333333334
res_007,restaurants,age,Elicit,3,Rank,0.719335,0.0,0.719335
res_007,restaurants,age,Elicit,3,Explain,0.5,0.0,0.5
res_007,restaurants,age,Elicit,3,Memory,0.33333333333333337,0.0,0.33333333333333337
res_008,restaurants,age,Retrieve,0,Elicit,0.0,0.0,0.0
res_008,restaurants,age,Retrieve,0,Retrieve,0.8333333333333334,0.8333333333333334,0.0
res_008,restaurants,age,Retrieve,0,Rank,0.86878,0.0,0.86878
res_008,restaurants,age,Retrieve,0,Explain,0.5,0.0,0.5
res_008,restaurants,age,Retrieve,0,Memory,0.0,0.0,0.0
res_008,restaurants,age,Retrieve,1,Elicit,0.0,0.0,0.0
res_008,restaurants,age,Retrieve,1,Retrieve,0.8333333333333334,0.8333333333333334,0.0
res_008,restaurants,age,Retrieve,1,Rank,0.823555,0.0,0.823555
res_008,restaurants,age,Retrieve,1,Explain,0.5,0.0,0.5
res_008,restaurants,age,Retrieve,1,Memory,0.0,0.0,0.0
res_008,restaurants,age,Retrieve,2,Elicit,0.0,0.0,0.0
res_008,restaurants,age,Retrieve,2,Retrieve,1.0,1.0,0.0
res_008,restaurants,age,Retrieve,2,Rank,1.0,0.0,1.0
res_008,restaurants,age,Retrieve,2,Explain,0.5,0.0,0.5
res_008,restaurants,age,Retrieve,2,Memory,0.0,0.0,0.0
res_008,restaurants,age,Retrieve,3,Elicit,0.0,0.0,0.0
res_008,restaurants,age,Retrieve,3,Retrieve,0.8333333333333334,0.8333333333333334,0.0
res_008,restaurants,age,Retrieve,3,Rank,0.67411,0.0,0.67411
res_008,restaurants,age,Retrieve,3,Explain,0.5,0.0,0.5
res_008,restaurants,age,Retrieve,3,Memory,0.0,0.0,0.0
res_009,restaurants,age,Rank,0,Elicit,0.0,0.0,0.0
res_009,restaurants,age,Rank,0,Retrieve,0.0,0.0,0.0
res_009,restaurants,age,Rank,0,Rank,0.0,0.0,0.0
res_009,restaurants,age,Rank,0,Explain,0.0,0.0,0.0
res_009,restaurants,age,Rank,0,Memory,0.0,0.0,0.0
res_009,restaurants,age,Rank,1,Elicit,0.0,0.0,0.0
res_009,restaurants,age,Rank,1,Retrieve,0.0,0.0,0.0
res_009,restaurants,age,Rank,1,Rank,0.1449999999999999,0.1449999999999999,0.0
res_009,restaurants,age,Rank,1,Explain,0.0,0.0,0.0
res_009,restaurants,age,Rank,1,Memory,0.0,0.0,0.0
res_009,restaurants,age,Rank,2,Elicit,0.0,0.0,0.0
res_009,restaurants,age,Rank,2,Retrieve,0.0,0.0,0.0
res_009,restaurants,age,Rank,2,Rank,0.1449999999999999,0.1449999999999999,0.0
res_009,restaurants,age,Rank,2,Explain,0.0,0.0,0.0
res_009,restaurants,age,Rank,2,Memory,0.0,0.0,0.0
res_009,restaurants,age,Rank,3,Elicit,0.0,0.0,0.0
res_009,restaurants,age,Rank,3,Retrieve,0.0,0.0,0.0
res_009,restaurants,age,Rank,3,Rank,0.1449999999999999,0.1449999999999999,0.0
res_009,restaurants,age,Rank,3,Explain,0.0,0.0,0.0
res_009,restaurants,age,Rank,3,Memory,0.0,0.0,0.0
res_010,restaurants,age,Explain,0,Elicit,0.0,0.0,0.0
res_010,restaurants,age,Explain,0,Retrieve,0.0,0.0,0.0
res_010,restaurants,age,Explain,0,Rank,0.0,0.0,0.0
res_010,restaurants,age,Explain,0,Explain,0.5,0.5,0.0
res_010,restaurants,age,Explain,0,Memory,0.33333333333333337,0.0,0.33333333333333337
res_010,restaurants,age,Explain,1,Elicit,0.0,0.0,0.0
res_010,restaurants,age,Explain,1,Retrieve,0.0,0.0,0.0
res_010,restaurants,age,Explain,1,Rank,0.0,0.0,0.0
res_010,restaurants,age,Explain,1,Explain,0.5,0.5,0.0
res_010,restaurants,age,Explain,1,Memory,0.33333333333333337,0.0,0.33333333333333337
res_010,restaurants,age,Explain,2,Elicit,0.0,0.0,0.0
res_010,restaurants,age,Explain,2,Retrieve,0.0,0.0,0.0
res_010,restaurants,age,Explain,2,Rank,0.0,0.0,0.0
res_010,restaurants,age,Explain,2,Explain,0.5,0.5,0.0
res_010,restaurants,age,Explain,2,Memory,0.33333333333333337,0.0,0.33333333333333337
res_010,restaurants,age,Explain,3,Elicit,0.0,0.0,0.0
res_010,restaurants,age,Explain,3,Retrieve,0.0,0.0,0.0
res_010,restaurants,age,Explain,3,Rank,0.0,0.0,0.0
res_010,restaurants,age,Explain,3,Explain,0.5,0.5,0.0
res_010,restaurants,age,Explain,3,Memory,0.33333333333333337,0.0,0.33333333333333337
res_011,restaurants,age,Memory,0,Elicit,0.0,0.0,0.0
res_011,restaurants,age,Memory,0,Retrieve,0.0,0.0,0.0
res_011,restaurants,age,Memory,0,Rank,0.0,0.0,0.0
res_011,restaurants,age,Memory,0,Explain,0.0,0.0,0.0
res_011,restaurants,age,Memory,0,Memory,0.33333333333333337,0.33333333333333337,0.0
res_011,restaurants,age,Memory,1,Elicit,0.0,0.0,0.0
res_011,restaurants,age,Memory,1,Retrieve,0.0,0.0,0.0
res_011,restaurants,age,Memory,1,Rank,0.0,0.0,0.0
res_011,restaurants,age,Memory,1,Explain,0.0,0.0,0.0
res_011,restaurants,age,Memory,1,Memory,0.33333333333333337,0.33333333333333337,0.0
res_011,restaurants,age,Memory,2,Elicit,0.0,0.0,0.0
res_011,restaurants,age,Memory,2,Retrieve,0.0,0.0,0.0
res_011,restaurants,age,Memory,2,Rank,0.0,0.0,0.0
res_011,restaurants,age,Memory,2,Explain,0.0,0.0,0.0
res_011,restaurants,age,Memory,2,Memory,0.33333333333333337,0.33333333333333337,0.0
res_011,restaurants,age,Memory,3,Elicit,0.0,0.0,0.0
res_011,restaurants,age,Memory,3,Retrieve,0.0,0.0,0.0
res_011,restaurants,age,Memory,3,Rank,0.0,0.0,0.0
res_011,restaurants,age,Memory,3,Explain,0.0,0.0,0.0
res_011,restaurants,age,Memory,3,Memory,0.33333333333333337,0.33333333333333337,0.0
res_012,restaurants,sex,none,0,Elicit,0.0,0.0,0.0
res_012,restaurants,sex,none,0,Retrieve,0.0,0.0,0.0
res_012,restaurants,sex,none,0,Rank,0.0,0.0,0.0
res_012,restaurants,sex,none,0,Explain,0.0,0.0,0.0
res_012,restaurants,sex,none,0,Memory,0.0,0.0,0.0
res_012,restaurants,sex,none,1,Elicit,0.0,0.0,0.0
res_012,restaurants,sex,none,1,Retrieve,0.0,0.0,0.0
res_012,restaurants,sex,none,1,Rank,0.0,0.0,0.0
res_012,restaurants,sex,none,1,Explain,0.0,0.0,0.0
res_012,restaurants,sex,none,1,Memory,0.0,0.0,0.0
res_012,restaurants,sex,none,2,Elicit,0.0,0.0,0.0
res_012,restaurants,sex,none,2,Retrieve,0.0,0.0,0.0
res_012,restaurants,sex,none,2,Rank,0.0,0.0,0.0
res_012,restaurants,sex,none,2,Explain,0.0,0.0,0.0
res_012,restaurants,sex,none,2,Memory,0.0,0.0,0.0
res_012,restaurants,sex,none,3,Elicit,0.0,0.0,0.0
res_012,restaurants,sex,none,3,Retrieve,0.0,0.0,0.0
res_012,restaurants,sex,none,3,Rank,0.0,0.0,0.0
res_012,restaurants,sex,none,3,Explain,0.0,0.0,0.0
res_012,restaurants,sex,none,3,Memory,0.0,0.0,0.0
res_013,restaurants,sex,Elicit,0,Elicit,0.33333333333333337,0.33333333333333337,0.0
res_013,restaurants,sex,Elicit,0,Retrieve,1.0,0.0,1.0
res_013,restaurants,sex,Elicit,0,Rank,1.0,0.0,1.0
res_013,restaurants,sex,Elicit,0,Explain,0.5,0.0,0.5
res_013,restaurants,sex,Elicit,0,Memory,0.33333333333333337,0.0,0.33333333333333337
res_013,restaurants,sex,Elicit,1,Elicit,0.33333333333333337,0.33333333333333337,0.0
res_013,restaurants,sex,Elicit,1,Retrieve,0.0,0.0,0.0
res_013,restaurants,sex,Elicit,1,Rank,0.26222499999999993,0.0,0.26222499999999993
res_013,restaurants,sex,Elicit,1,Explain,0.5,0.0,0.5
res_013,restaurants,sex,Elicit,1,Memory,0.33333333333333337,0.0,0.33333333333333337
res_013,restaurants,sex,Elicit,2,Elicit,0.33333333333333337,0.33333333333333337,0.0
res_013,restaurants,sex,Elicit,2,Retrieve,1.0,0.0,1.0
res_013,restaurants,sex,Elicit,2,Rank,1.0,0.0,1.0
res_013,restaurants,sex,Elicit,2,Explain,0.5,0.0,0.5
res_013,restaurants,sex,Elicit,2,Memory,0.33333333333333337,0.0,0.33333333333333337
res_013,restaurants,sex,Elicit,3,Elicit,0.33333333333333337,0.33333333333333337,0.0
res_013,restaurants,sex,Elicit,3,Retrieve,1.0,0.0,1.0
res_013,restaurants,sex,Elicit,3,Rank,1.0,0.0,1.0
res_013,restaurants,sex,Elicit,3,Explain,0.5,0.0,0.5
res_013,restaurants,sex,Elicit,3,Memory,0.33333333333333337,0.0,0.33333333333333337
res_014,restaurants,sex,Retrieve,0,Elicit,0.0,0.0,0.0
res_014,restaurants,sex,Retrieve,0,Retrieve,0.8,0.8,0.0
res_014,restaurants,sex,Retrieve,0,Rank,0.778555,0.0,0.778555
res_014,restaurants,sex,Retrieve,0,Explain,0.0,0.0,0.0
res_014,restaurants,sex,Retrieve,0,Memory,0.0,0.0,0.0
res_014,restaurants,sex,Retrieve,1,Elicit,0.0,0.0,0.0
res_014,restaurants,sex,Retrieve,1,Retrieve,0.8,0.8,0.0
res_014,restaurants,sex,Retrieve,1,Rank,0.850555,0.0,0.850555
res_014,restaurants,sex,Retrieve,1,Explain,0.0,0.0,0.0
res_014,restaurants,sex,Retrieve,1,Memory,0.0,0.0,0.0
res_014,restaurants,sex,Retrieve,2,Elicit,0.0,0.0,0.0
res_014,restaurants,sex,Retrieve,2,Retrieve,0.8,0.8,0.0
res_014,restaurants,sex,Retrieve,2,Rank,0.823555,0.0,0.823555
res_014,restaurants,sex,Retrieve,2,Explain,0.0,0.0,0.0
res_014,restaurants,sex,Retrieve,2,Memory,0.0,0.0,0.0
res_014,restaurants,sex,Retrieve,3,Elicit,0.0,0.0,0.0
res_014,restaurants,sex,Retrieve,3,Retrieve,0.8,0.8,0.0
res_014,restaurants,sex,Retrieve,3,Rank,0.86878,0.0,0.86878
res_014,restaurants,sex,Retrieve,3,Explain,0.0,0.0,0.0
res_014,restaurants,sex,Retrieve,3,Memory,0.0,0.0,0.0
res_015,restaurants,sex,Rank,0,Elicit,0.0,0.0,0.0
res_015,restaurants,sex,Rank,0,Retrieve,0.0,0.0,0.0
res_015,restaurants,sex,Rank,0,Rank,0.19022499999999998,0.19022499999999998,0.0
res_015,restaurants,sex,Rank,0,Explain,0.0,0.0,0.0
res_015,restaurants,sex,Rank,0,Memory,0.0,0.0,0.0
res_015,restaurants,sex,Rank,1,Elicit,0.0,0.0,0.0
res_015,restaurants,sex,Rank,1,Retrieve,0.0,0.0,0.0
res_015,restaurants,sex,Rank,1,Rank,0.19022499999999998,0.19022499999999998,0.0
res_015,restaurants,sex,Rank,1,Explain,0.0,0.0,0.0
res_015,restaurants,sex,Rank,1,Memory,0.0,0.0,0.0
res_015,restaurants,sex,Rank,2,Elicit,0.0,0.0,0.0
res_015,restaurants,sex,Rank,2,Retrieve,0.0,0.0,0.0
res_015,restaurants,sex,Rank,2,Rank,0.19022499999999998,0.19022499999999998,0.0
res_015,restaurants,sex,Rank,2,Explain,0.0,0.0,0.0
res_015,restaurants,sex,Rank,2,Memory,0.0,0.0,0.0
res_015,restaurants,sex,Rank,3,Elicit,0.0,0.0,0.0
res_015,restaurants,sex,Rank,3,Retrieve,0.0,0.0,0.0
res_015,restaurants,sex,Rank,3,Rank,0.17199999999999993,0.17199999999999993,0.0
res_015,restaurants,sex,Rank,3,Explain,0.0,0.0,0.0
res_015,restaurants,sex,Rank,3,Memory,0.0,0.0,0.0
res_016,restaurants,sex,Explain,0,Elicit,0.0,0.0,0.0
res_016,restaurants,sex,Explain,0,Retrieve,0.0,0.0,0.0
res_016,restaurants,sex,Explain,0,Rank,0.0,0.0,0.0
res_016,restaurants,sex,Explain,0,Explain,0.33333333333333337,0.33333333333333337,0.0
res_016,restaurants,sex,Explain,0,Memory,0.25,0.0,0.25
res_016,restaurants,sex,Explain,1,Elicit,0.0,0.0,0.0
res_016,restaurants,sex,Explain,1,Retrieve,0.0,0.0,0.0
res_016,restaurants,sex,Explain,1,Rank,0.0,0.0,0.0
res_016,restaurants,sex,Explain,1,Explain,0.33333333333333337,0.33333333333333337,0.0
res_016,restaurants,sex,Explain,1,Memory,0.25,0.0,0.25
res_016,restaurants,sex,Explain,2,Elicit,0.0,0.0,0.0
res_016,restaurants,sex,Explain,2,Retrieve,0.0,0.0,0.0
res_016,restaurants,sex,Explain,2,Rank,0.0,0.0,0.0
res_016,restaurants,sex,Explain,2,Explain,0.33333333333333337,0.33333333333333337,0.0
res_016,restaurants,sex,Explain,2,Memory,0.25,0.0,0.25
res_016,restaurants,sex,Explain,3,Elicit,0.0,0.0,0.0
res_016,restaurants,sex,Explain,3,Retrieve,0.0,0.0,0.0
res_016,restaurants,sex,Explain,3,Rank,0.0,0.0,0.0
res_016,restaurants,sex,Explain,3,Explain,0.33333333333333337,0.33333333333333337,0.0
res_016,restaurants,sex,Explain,3,Memory,0.25,0.0,0.25
res_017,restaurants,sex,Memory,0,Elicit,0.0,0.0,0.0
res_017,restaurants,sex,Memory,0,Retrieve,0.0,0.0,0.0
res_017,restaurants,sex,Memory,0,Rank,0.0,0.0,0.0
res_017,restaurants,sex,Memory,0,Explain,0.0,0.0,0.0
res_017,restaurants,sex,Memory,0,Memory,0.33333333333333337,0.33333333333333337,0.0
res_017,restaurants,sex,Memory,1,Elicit,0.0,0.0,0.0
res_017,restaurants,sex,Memory,1,Retrieve,0.0,0.0,0.0
res_017,restaurants,sex,Memory,1,Rank,0.0,0.0,0.0
res_017,restaurants,sex,Memory,1,Explain,0.0,0.0,0.0
res_017,restaurants,sex,Memory,1,Memory,0.33333333333333337,0.33333333333333337,0.0
res_017,restaurants,sex,Memory,2,Elicit,0.0,0.0,0.0
res_017,restaurants,sex,Memory,2,Retrieve,0.0,0.0,0.0
res_017,restaurants,sex,Memory,2,Rank,0.0,0.0,0.0
res_017,restaurants,sex,Memory,2,Explain,0.0,0.0,0.0
res_017,restaurants,sex,Memory,2,Memory,0.33333333333333337,0.33333333333333337,0.0
res_017,restaurants,sex,Memory,3,Elicit,0.0,0.0,0.0
res_017,restaurants,sex,Memory,3,Retrieve,0.0,0.0,0.0
res_017,restaurants,sex,Memory,3,Rank,0.0,0.0,0.0
res_017,restaurants,sex,Memory,3,Explain,0.0,0.0,0.0
res_017,restaurants,sex,Memory,3,Memory,0.33333333333333337,0.33333333333333337,0.0
res_018,restaurants,age,none,0,Elicit,0.0,0.0,0.0
res_018,restaurants,age,none,0,Retrieve,0.0,0.0,0.0
res_018,restaurants,age,none,0,Rank,0.0,0.0,0.0
res_018,restaurants,age,none,0,Explain,0.0,0.0,0.0
res_018,restaurants,age,none,0,Memory,0.0,0.0,0.0
res_018,restaurants,age,none,1,Elicit,0.0,0.0,0.0
res_018,restaurants,age,none,1,Retrieve,0.0,0.0,0.0
res_018,restaurants,age,none,1,Rank,0.0,0.0,0.0
res_018,restaurants,age,none,1,Explain,0.0,0.0,0.0
res_018,restaurants,age,none,1,Memory,0.0,0.0,0.0
res_018,restaurants,age,none,2,Elicit,0.0,0.0,0.0
res_018,restaurants,age,none,2,Retrieve,0.0,0.0,0.0
res_018,restaurants,age,none,2,Rank,0.0,0.0,0.0
res_018,restaurants,age,none,2,Explain,0.0,0.0,0.0
res_018,restaurants,age,none,2,Memory,0.0,0.0,0.0
res_018,restaurants,age,none,3,Elicit,0.0,0.0,0.0
res_018,restaurants,age,none,3,Retrieve,0.0,0.0,0.0
res_018,restaurants,age,none,3,Rank,0.0,0.0,0.0
res_018,restaurants,age,none,3,Explain,0.0,0.0,0.0
res_018,restaurants,age,none,3,Memory,0.0,0.0,0.0
res_019,restaurants,age,Elicit,0,Elicit,0.33333333333333337,0.33333333333333337,0.0
res_019,restaurants,age,Elicit,0,Retrieve,0.0,0.0,0.0
res_019,restaurants,age,Elicit,0,Rank,0.09999999999999998,0.0,0.09999999999999998
res_019,restaurants,age,Elicit,0,Explain,0.5,0.0,0.5
res_019,restaurants,age,Elicit,0,Memory,0.33333333333333337,0.0,0.33333333333333337
res_019,restaurants,age,Elicit,1,Elicit,0.33333333333333337,0.33333333333333337,0.0
res_019,restaurants,age,Elicit,1,Retrieve,0.8,0.0,0.8
res_019,restaurants,age,Elicit,1,Rank,0.86878,0.0,0.86878
res_019,restaurants,age,Elicit,1,Explain,0.5,0.0,0.5
res_019,restaurants,age,Elicit,1,Memory,0.33333333333333337,0.0,0.33333333333333337
res_019,restaurants,age,Elicit,2,Elicit,0.33333333333333337,0.33333333333333337,0.0
res_019,restaurants,age,Elicit,2,Retrieve,0.0,0.0,0.0
res_019,restaurants,age,Elicit,2,Rank,0.09999999999999998,0.0,0.09999999999999998
res_019,restaurants,age,Elicit,2,Explain,0.5,0.0,0.5
res_019,restaurants,age,Elicit,2,Memory,0.33333333333333337,0.0,0.33333333333333337
res_019,restaurants,age,Elicit,3,Elicit,0.33333333333333337,0.33333333333333337,0.0
res_019,restaurants,age,Elicit,3,Retrieve,0.0,0.0,0.0
res_019,restaurants,age,Elicit,3,Rank,0.14500000000000002,0.0,0.14500000000000002
res_019,restaurants,age,Elicit,3,Explain,0.5,0.0,0.5
res_019,restaurants,age,Elicit,3,Memory,0.33333333333333337,0.0,0.33333333333333337
res_020,restaurants,age,Retrieve,0,Elicit,0.0,0.0,0.0
res_020,restaurants,age,Retrieve,0,Retrieve,1.0,1.0,0.0
res_020,restaurants,age,Retrieve,0,Rank,1.0,0.0,1.0
res_020,restaurants,age,Retrieve,0,Explain,0.0,0.0,0.0
res_020,restaurants,age,Retrieve,0,Memory,0.0,0.0,0.0
res_020,restaurants,age,Retrieve,1,Elicit,0.0,0.0,0.0
res_020,restaurants,age,Retrieve,1,Retrieve,1.0,1.0,0.0
res_020,restaurants,age,Retrieve,1,Rank,1.0,0.0,1.0
res_020,restaurants,age,Retrieve,1,Explain,0.0,0.0,0.0
res_020,restaurants,age,Retrieve,1,Memory,0.0,0.0,0.0
res_020,restaurants,age,Retrieve,2,Elicit,0.0,0.0,0.0
res_020,restaurants,age,Retrieve,2,Retrieve,1.0,1.0,0.0
res_020,restaurants,age,Retrieve,2,Rank,1.0,0.0,1.0
res_020,restaurants,age,Retrieve,2,Explain,0.0,0.0,0.0
res_020,restaurants,age,Retrieve,2,Memory,0.0,0.0,0.0
res_020,restaurants,age,Retrieve,3,Elicit,0.0,0.0,0.0
res_020,restaurants,age,Retrieve,3,Retrieve,1.0,1.0,0.0
res_020,restaurants,age,Retrieve,3,Rank,1.0,0.0,1.0
res_020,restaurants,age,Retrieve,3,Explain,0.0,0.0,0.0
res_020,restaurants,age,Retrieve,3,Memory,0.0,0.0,0.0
res_021,restaurants,age,Rank,0,Elicit,0.0,0.0,0.0
res_021,restaurants,age,Rank,0,Retrieve,0.0,0.0,0.0
res_021,restaurants,age,Rank,0,Rank,0.321445,0.321445,0.0
res_021,restaurants,age,Rank,0,Explain,0.0,0.0,0.0
res_021,restaurants,age,Rank,0,Memory,0.0,0.0,0.0
res_021,restaurants,age,Rank,1,Elicit,0.0,0.0,0.0
res_021,restaurants,age,Rank,1,Retrieve,0.0,0.0,0.0
res_021,restaurants,age,Rank,1,Rank,0.321445,0.321445,0.0
res_021,restaurants,age,Rank,1,Explain,0.5,0.0,0.5
res_021,restaurants,age,Rank,1,Memory,0.0,0.0,0.0
res_021,restaurants,age,Rank,2,Elicit,0.0,0.0,0.0
res_021,restaurants,age,Rank,2,Retrieve,0.0,0.0,0.0
res_021,restaurants,age,Rank,2,Rank,0.321445,0.321445,0.0
res_021,restaurants,age,Rank,2,Explain,0.5,0.0,0.5
res_021,restaurants,age,Rank,2,Memory,0.0,0.0,0.0
res_021,restaurants,age,Rank,3,Elicit,0.0,0.0,0.0
res_021,restaurants,age,Rank,3,Retrieve,0.0,0.0,0.0
res_021,restaurants,age,Rank,3,Rank,0.321445,0.321445,0.0
res_021,restaurants,age,Rank,3,Explain,0.5,0.0,0.5
res_021,restaurants,age,Rank,3,Memory,0.0,0.0,0.0
res_022,restaurants,age,Explain,0,Elicit,0.0,0.0,0.0
res_022,restaurants,age,Explain,0,Retrieve,0.0,0.0,0.0
res_022,restaurants,age,Explain,0,Rank,0.0,0.0,0.0
res_022,restaurants,age,Explain,0,Explain,0.5,0.5,0.0
res_022,restaurants,age,Explain,0,Memory,0.33333333333333337,0.0,0.33333333333333337
res_022,restaurants,age,Explain,1,Elicit,0.0,0.0,0.0
res_022,restaurants,age,Explain,1,Retrieve,0.0,0.0,0.0
res_022,restaurants,age,Explain,1,Rank,0.0,0.0,0.0
res_022,restaurants,age,Explain,1,Explain,0.5,0.5,0.0
res_022,restaurants,age,Explain,1,Memory,0.33333333333333337,0.0,0.33333333333333337
res_022,restaurants,age,Explain,2,Elicit,0.0,0.0,0.0
res_022,restaurants,age,Explain,2,Retrieve,0.0,0.0,0.0
res_022,restaurants,age,Explain,2,Rank,0.0,0.0,0.0
res_022,restaurants,age,Explain,2,Explain,0.5,0.5,0.0
res_022,restaurants,age,Explain,2,Memory,0.33333333333333337,0.0,0.33333333333333337
res_022,restaurants,age,Explain,3,Elicit,0.0,0.0,0.0
res_022,restaurants,age,Explain,3,Retrieve,0.0,0.0,0.0
res_022,restaurants,age,Explain,3,Rank,0.0,0.0,0.0
res_022,restaurants,age,Explain,3,Explain,0.5,0.5,0.0
res_022,restaurants,age,Explain,3,Memory,0.33333333333333337,0.0,0.33333333333333337
res_023,restaurants,age,Memory,0,Elicit,0.0,0.0,0.0
res_023,restaurants,age,Memory,0,Retrieve,0.0,0.0,0.0
res_023,restaurants,age,Memory,0,Rank,1.1102230246251565e-16,1.1102230246251565e-16,1.1102230246251565e-16
res_023,restaurants,age,Memory,0,Explain,0.0,0.0,0.0
res_023,restaurants,age,Memory,0,Memory,0.33333333333333337,0.33333333333333337,0.0
res_023,restaurants,age,Memory,1,Elicit,0.0,0.0,0.0
res_023,restaurants,age,Memory,1,Retrieve,0.0,0.0,0.0
res_023,restaurants,age,Memory,1,Rank,1.1102230246251565e-16,1.1102230246251565e-16,1.1102230246251565e-16
res_023,restaurants,age,Memory,1,Explain,0.0,0.0,0.0
res_023,restaurants,age,Memory,1,Memory,0.33333333333333337,0.33333333333333337,0.0
res_023,restaurants,age,Memory,2,Elicit,0.0,0.0,0.0
res_023,restaurants,age,Memory,2,Retrieve,0.0,0.0,0.0
res_023,restaurants,age,Memory,2,Rank,1.1102230246251565e-16,1.1102230246251565e-16,1.1102230246251565e-16
res_023,restaurants,age,Memory,2,Explain,0.0,0.0,0.0
res_023,restaurants,age,Memory,2,Memory,0.33333333333333337,0.33333333333333337,0.0
res_023,restaurants,age,Memory,3,Elicit,0.0,0.0,0.0
res_023,restaurants,age,Memory,3,Retrieve,0.0,0.0,0.0
res_023,restaurants,age,Memory,3,Rank,1.1102230246251565e-16,1.1102230246251565e-16,1.1102230246251565e-16
res_023,restaurants,age,Memory,3,Explain,0.0,0.0,0.0
res_023,restaurants,age,Memory,3,Memory,0.33333333333333337,0.33333333333333337,0.0
