attribute,stage,D_nat,D_A,D_Z,benefit,benefit_neutral,benefit_delta
age,Elicit,0.05555555555555556,0.05555555555555556,0.0,0.6172453703703704,0.6149305555555555,0.002314814814814815
age,Retrieve,0.20486111111111113,0.14479166666666668,0.060069444444444446,0.3826388888888889,0.40729166666666666,-0.024652777777777777
age,Rank,0.26054875,0.029011614583333335,0.23153713541666665,0.6661433490619286,0.7088113212168007,-0.04266797215487205
age,Explain,0.23958333333333334,0.078125,0.16145833333333334,0.9809027777777778,1.0,-0.019097222222222224
age,Memory,0.16319444444444445,0.05555555555555556,0.1076388888888889,0.9456018518518517,1.0,-0.054398148148148154
sex,Elicit,0.05555555555555556,0.05555555555555556,0.0,0.6376736111111111,0.6350694444444445,0.0026041666666666665
sex,Retrieve,0.22048611111111113,0.1375,0.08298611111111111,0.3911458333333333,0.434375,-0.04322916666666667
sex,Rank,0.26563572916666667,0.022797604166666662,0.24283812500000002,0.7367779423905424,0.8048730106999603,-0.06809506830941796
sex,Explain,0.16493055555555555,0.05555555555555556,0.109375,0.9722222222222222,1.0,-0.02777777777777778
sex,Memory,0.1527777777777778,0.05555555555555556,0.09722222222222222,0.9236111111111112,1.0,-0.0763888888888889
