attribute,stage,coordinate,n_values,SNSR,SNSV,SNSR_over_2,identity_holds
age,Elicit,sim_item,3,0.04201877934272308,0.0192783848776571,0.02100938967136154,False
age,Explain,sim_item,3,0.06490610328638502,0.027854718569890524,0.03245305164319251,False
age,Memory,sim_item,3,0.05482059020791419,0.024006393457017532,0.027410295103957094,False
age,Rank,sim_item,3,0.03493980983420525,0.014539192343652281,0.017469904917102624,False
age,Retrieve,sim_item,3,0.06421998802493079,0.02719236822295452,0.03210999401246539,False
sex,Elicit,sim_item,2,0.016983122362869196,0.008491561181434598,0.008491561181434598,True
sex,Explain,sim_item,2,0.04330922242314644,0.02165461121157322,0.02165461121157322,True
sex,Memory,sim_item,2,0.016779686558167584,0.008389843279083792,0.008389843279083792,True
sex,Rank,sim_item,2,0.011460085954520804,0.005730042977260402,0.005730042977260402,True
sex,Retrieve,sim_item,2,0.0031277139254174413,0.0015638569627087207,0.0015638569627087207,True
age,Elicit,sim_pref,3,0.0,0.0,0.0,True
age,Explain,sim_pref,3,0.02511737089201893,0.011399285975407307,0.012558685446009465,False
age,Memory,sim_pref,3,0.023474178403755763,0.010142004222860459,0.011737089201877882,False
age,Rank,sim_pref,3,0.04754401408450715,0.020189309109632143,0.023772007042253573,False
age,Retrieve,sim_pref,3,0.030516431924882625,0.01386545003651748,0.015258215962441313,False
sex,Elicit,sim_pref,2,0.0,0.0,0.0,True
sex,Explain,sim_pref,2,0.12046413502109699,0.06023206751054849,0.06023206751054849,True
sex,Memory,sim_pref,2,0.016877637130801593,0.008438818565400796,0.008438818565400796,True
sex,Rank,sim_pref,2,0.0025490506329114426,0.0012745253164557213,0.0012745253164557213,True
sex,Retrieve,sim_pref,2,0.03164556962025322,0.01582278481012661,0.01582278481012661,True
